"ID","BMD_COL","SNP"
25,1.131,"GG"
28,0.767,"GG"
38,1.148,"GG"
40,0.949,"GG"
42,0.88,"GG"
68,0.883,"GG"
70,0.875,"GG"
76,1.156,"GG"
77,1.109,"GG"
80,0.706,"GG"
81,1.095,"GG"
91,0.873,"GG"
92,1.163,"GG"
95,0.992,"GG"
104,0.956,"GG"
106,1.017,"GG"
107,1.144,"GG"
110,0.82,"GG"
122,0.871,"GG"
126,0.788,"GG"
128,0.876,"GG"
146,1.116,"GG"
147,0.96,"GG"
182,0.996,"GG"
212,0.775,"GG"
225,0.694,"GG"
229,0.728,"GG"
246,0.883,"GG"
254,0.903,"GG"
255,0.932,"GG"
271,0.767,"GG"
273,0.886,"GG"
293,0.698,"GG"
295,1.02,"GG"
306,0.907,"GG"
339,0.681,"GG"
340,1.178,"GG"
409,1.322,"GG"
465,0.9,"GG"
492,1.076,"GG"
504,0.807,"GG"
511,1.011,"GG"
513,1.145,"GG"
543,0.635,"GG"
558,0.938,"GG"
604,0.827,"GG"
609,1.057,"GG"
615,0.855,"GG"
620,0.864,"GG"
631,0.908,"GG"
655,1.212,"GG"
671,0.836,"GG"
21,0.9,"GA"
705,1.245,"GG"
757,0.803,"GG"
767,0.825,"GG"
772,0.981,"GG"
788,0.826,"GG"
841,0.937,"GG"
853,0.904,"GG"
861,1.179,"GG"
1205,0.928,"GA"
901,0.851,"GG"
935,0.816,"GG"
941,0.754,"GG"
942,0.879,"GG"
950,0.857,"GG"
987,0.721,"GG"
999,0.866,"GG"
1018,0.906,"GG"
48,0.935,"GA"
1024,0.957,"GA"
1036,0.857,"GG"
1047,0.561,"GG"
1076,0.87,"GG"
683,0.976,"GA"
1102,0.719,"GG"
1144,0.966,"GG"
1168,0.801,"GG"
1191,0.628,"GG"
1199,0.754,"GG"
1204,0.923,"GG"
1217,0.863,"GG"
1260,1.056,"GG"
6,1.021,"GG"
29,0.902,"GG"
43,0.798,"GG"
52,0.939,"GG"
53,0.747,"GA"
73,0.858,"GG"
88,0.901,"GG"
96,0.963,"GG"
98,1.026,"GG"
99,0.753,"GG"
109,0.722,"GG"
113,1.072,"GG"
116,1.023,"GG"
117,0.889,"GG"
123,1.03,"GG"
127,1.176,"GG"
129,0.801,"GG"
130,0.985,"GG"
133,0.785,"GG"
138,0.949,"GG"
139,0.879,"GG"
143,1.015,"GG"
152,0.865,"GG"
155,0.9,"GG"
167,0.706,"GG"
173,0.738,"GG"
177,0.984,"GG"
186,1.221,"GG"
198,0.957,"GG"
206,0.981,"GG"
207,1.07,"GG"
213,0.923,"GG"
222,0.882,"GG"
228,1.037,"GG"
234,0.962,"GG"
237,0.871,"GG"
249,0.883,"GG"
256,0.841,"GG"
264,0.976,"GG"
286,1.074,"GG"
296,0.88,"GG"
297,1,"GG"
320,1.204,"GG"
324,1.227,"GG"
355,0.709,"GG"
371,0.814,"GG"
412,0.987,"GG"
427,0.775,"GG"
428,1.132,"GG"
447,0.805,"GG"
448,0.807,"GG"
483,0.863,"GG"
485,0.869,"GG"
493,0.815,"GG"
503,0.778,"GG"
510,1.005,"GG"
521,1.144,"GG"
546,0.927,"GG"
548,0.85,"GG"
555,0.836,"GG"
576,1.077,"GG"
577,1.112,"GG"
598,0.851,"GG"
601,1.028,"GG"
605,0.906,"GG"
607,0.897,"GG"
618,1.015,"GG"
628,0.878,"GG"
629,0.881,"GG"
642,0.852,"GG"
686,1.003,"GG"
688,1.212,"GG"
698,1.116,"GG"
706,1.241,"GG"
741,1.292,"GG"
745,0.891,"GG"
854,0.72,"GG"
858,1.007,"GG"
860,1.193,"GG"
875,0.829,"GG"
889,0.811,"GG"
899,0.858,"GG"
905,0.956,"GG"
972,1.028,"GG"
994,1.035,"GG"
1001,0.805,"GG"
1020,0.876,"GG"
1110,0.919,"GG"
1121,0.837,"GG"
1137,0.765,"GG"
1166,0.747,"GG"
1171,1.21,"GG"
1185,0.942,"GG"
1186,0.823,"GG"
1195,0.969,"GG"
1222,1.001,"GG"
1224,0.952,"GG"
1272,0.83,"GG"
1565,1.193,"GG"
8,0.946,"GG"
20,1.118,"GG"
30,0.834,"GG"
31,1.069,"GG"
41,0.765,"GG"
44,0.891,"GG"
1288,0.732,"GA"
49,0.866,"GG"
65,0.726,"GG"
67,0.883,"GG"
75,0.785,"GG"
78,0.71,"GG"
79,0.847,"GG"
83,0.836,"GG"
87,0.916,"GG"
101,0.86,"GG"
103,0.717,"GG"
115,1.024,"GG"
119,1.151,"GG"
120,1.115,"GG"
121,0.897,"GG"
131,0.88,"GG"
140,0.8,"GG"
161,1.096,"GG"
169,0.718,"GG"
174,0.864,"GG"
178,1.004,"GG"
185,0.998,"GG"
214,0.778,"GG"
231,0.858,"GG"
235,0.979,"GG"
250,1.046,"GG"
252,0.81,"GG"
274,0.892,"GG"
279,0.804,"GG"
55,0.808,"GA"
290,0.96,"GG"
291,0.966,"GG"
305,1.089,"GG"
307,1.079,"GG"
310,1.091,"GG"
311,0.944,"GG"
360,1.106,"GG"
440,0.712,"GG"
453,0.75,"GG"
470,0.867,"GG"
482,0.694,"GG"
494,0.891,"GG"
508,0.751,"GG"
516,0.954,"GG"
550,0.843,"GG"
557,0.824,"GG"
565,1.091,"GG"
567,0.692,"GG"
570,1.012,"GG"
575,1.011,"GG"
583,0.908,"GG"
592,1.019,"GG"
602,0.859,"GG"
612,0.726,"GG"
617,0.831,"GG"
625,0.987,"GG"
627,0.944,"GG"
641,0.737,"GG"
660,0.867,"GG"
664,0.849,"GG"
665,0.855,"GG"
667,0.867,"GG"
673,0.939,"GG"
691,0.866,"GG"
750,0.817,"GG"
105,0.918,"GA"
802,0.986,"GG"
804,0.932,"GG"
818,0.9,"GG"
864,0.795,"GG"
891,0.827,"GG"
898,0.756,"GG"
932,0.895,"GG"
944,0.931,"GG"
955,0.907,"GG"
962,0.773,"GG"
980,0.914,"GG"
997,0.818,"GG"
1008,0.776,"GG"
1019,0.83,"GG"
1035,0.783,"GG"
1044,0.79,"GG"
1107,0.887,"GG"
1112,1.001,"GG"
1118,1.087,"GG"
1126,1.044,"GG"
1180,0.733,"GG"
1184,0.922,"GG"
1274,0.71,"GG"
61,0.738,"GG"
66,0.954,"GG"
135,1.167,"GG"
97,0.789,"GA"
195,0.941,"GG"
224,0.684,"GG"
272,0.899,"GG"
281,0.809,"GG"
287,0.997,"GG"
294,0.897,"GG"
301,0.942,"GG"
405,0.77,"GG"
461,0.789,"GG"
475,1.166,"GG"
502,0.695,"GG"
528,0.962,"GG"
559,0.758,"GG"
588,0.875,"GG"
608,0.788,"GG"
616,0.738,"GG"
621,0.769,"GG"
634,0.764,"GG"
640,0.923,"GG"
668,0.936,"GG"
678,0.728,"GG"
690,1.239,"GG"
703,1.38,"GG"
739,0.771,"GG"
753,0.619,"GG"
763,1.07,"GG"
783,0.923,"GG"
806,0.731,"GG"
821,1.095,"GG"
824,0.952,"GG"
830,1.037,"GG"
833,0.936,"GG"
836,0.962,"GG"
850,0.824,"GG"
870,0.755,"GG"
881,0.539,"GG"
886,0.762,"GG"
903,0.971,"GG"
904,0.81,"GG"
930,0.97,"GG"
952,0.945,"GG"
1004,0.867,"GG"
1073,1.22,"GG"
1116,0.678,"GG"
1138,0.926,"GG"
1192,0.96,"GG"
1206,0.973,"GG"
1219,0.865,"GG"
1229,0.816,"GG"
1234,0.766,"GG"
1273,0.73,"GG"
1297,1.182,"GG"
15,0.764,"GG"
500,0.73,"GA"
82,0.974,"GG"
93,0.852,"GG"
94,0.844,"GG"
100,0.679,"GG"
151,0.833,"GG"
156,0.869,"GG"
168,1.029,"GG"
180,0.804,"GG"
192,0.828,"GG"
211,0.815,"GG"
230,0.953,"GG"
244,0.662,"GG"
261,0.923,"GG"
266,0.792,"GG"
267,0.623,"GG"
298,1.184,"GG"
418,0.75,"GG"
446,1.101,"GG"
549,0.76,"GG"
564,1.12,"GG"
571,0.798,"GG"
573,0.759,"GG"
635,0.947,"GG"
646,0.768,"GG"
662,1.018,"GG"
663,0.79,"GG"
682,0.925,"GG"
694,0.614,"GG"
695,0.736,"GG"
717,1.133,"GG"
718,0.654,"GG"
39,0.91,"GA"
734,0.763,"GG"
770,0.796,"GG"
790,0.967,"GG"
792,1.218,"GG"
890,0.8,"GG"
897,0.752,"GG"
959,0.84,"GG"
969,0.683,"GG"
978,0.887,"GG"
991,0.85,"GG"
996,0.758,"GG"
1140,0.746,"GG"
1146,0.953,"GG"
1187,1.008,"GG"
1209,0.91,"GG"
1214,0.727,"GG"
1223,1.17,"GG"
1270,1.057,"GG"
14,0.826,"GG"
114,1.091,"GG"
124,0.672,"GG"
209,0.868,"GG"
218,0.862,"GG"
226,0.824,"GG"
233,0.84,"GG"
236,0.922,"GG"
260,0.64,"GG"
269,0.821,"GG"
278,1.032,"GG"
442,1.044,"GG"
505,1.129,"GG"
531,1.203,"GG"
544,0.787,"GG"
569,1.078,"GG"
591,1.023,"GG"
630,0.807,"GG"
633,0.853,"GG"
644,0.795,"GG"
681,0.875,"GG"
684,0.64,"GG"
768,1.107,"GG"
878,0.917,"GA"
812,0.832,"GG"
825,0.806,"GG"
838,0.855,"GG"
839,0.816,"GG"
885,0.973,"GG"
949,0.902,"GG"
970,0.634,"GG"
1011,0.795,"GG"
1041,0.784,"GG"
1043,0.8,"GG"
1045,0.992,"GG"
1070,0.897,"GG"
1125,0.733,"GG"
1151,1.077,"GG"
1163,0.879,"GG"
1179,1.001,"GG"
2,1.022,"GA"
1258,0.877,"GG"
1261,0.736,"GG"
1329,0.608,"GG"
141,1.153,"GA"
7,1.011,"GG"
719,0.78,"GA"
153,1.04,"GG"
160,0.627,"GG"
201,0.944,"GG"
241,0.911,"GG"
282,0.737,"GG"
285,0.799,"GG"
373,0.549,"GG"
509,0.97,"GG"
515,0.76,"GG"
586,0.806,"GG"
636,0.886,"GG"
639,0.867,"GG"
648,0.936,"GG"
727,0.836,"GG"
729,0.879,"GG"
733,0.767,"GG"
736,0.676,"GG"
827,0.801,"GG"
842,0.835,"GG"
844,0.795,"GG"
887,0.809,"GG"
1023,0.83,"GG"
1040,0.857,"GG"
1046,0.584,"GG"
1049,0.807,"GG"
1054,0.851,"GG"
1064,0.924,"GG"
1182,0.754,"GG"
1218,0.728,"GG"
1231,0.83,"GG"
1282,0.653,"GG"
2071,1.051,"GA"
1358,0.613,"GG"
12,0.912,"GG"
72,0.867,"GG"
142,0.797,"GG"
176,0.727,"GG"
221,0.888,"GG"
243,0.807,"GG"
248,1.106,"GG"
268,0.977,"GG"
283,0.729,"GG"
445,0.975,"GG"
552,1.033,"GG"
603,1.005,"GG"
676,1.001,"GG"
1028,0.908,"GA"
716,0.747,"GG"
851,0.87,"GG"
894,0.844,"GG"
910,0.831,"GG"
958,0.812,"GG"
992,0.81,"GG"
1015,0.753,"GG"
1175,0.95,"GG"
1210,0.805,"GG"
1238,0.865,"GG"
1254,0.873,"GG"
1289,0.79,"GG"
118,0.766,"GG"
258,0.787,"GG"
312,0.912,"GG"
410,0.871,"GG"
1092,0.823,"GA"
512,0.737,"GG"
518,0.872,"GG"
677,1.11,"GG"
738,0.946,"GG"
807,0.782,"GG"
810,0.732,"GG"
828,0.959,"GG"
915,0.716,"GG"
953,0.979,"GG"
995,0.947,"GG"
1156,0.716,"GG"
1226,1.051,"GA"
1251,0.945,"GG"
1265,0.798,"GG"
1278,0.847,"GG"
1279,0.912,"GG"
1398,1.106,"GA"
411,1.413,"GA"
33,0.811,"GG"
692,0.733,"GA"
163,0.701,"GG"
166,0.855,"GG"
170,0.932,"GG"
172,0.974,"GG"
194,0.729,"GG"
257,0.786,"GG"
275,0.784,"GG"
449,0.803,"GG"
578,0.967,"GG"
777,0.632,"GG"
814,0.673,"GG"
872,0.78,"GG"
880,0.886,"GG"
948,0.73,"GG"
1072,1.116,"GG"
1098,0.824,"GG"
1239,0.852,"GG"
47,1.031,"GG"
204,1.159,"GG"
223,1.043,"GG"
284,0.828,"GA"
520,0.637,"GG"
632,0.905,"GG"
742,0.859,"GG"
822,0.604,"GG"
831,0.666,"GG"
857,0.628,"GG"
876,0.846,"GG"
931,0.909,"GG"
1014,0.769,"GG"
1127,0.934,"GG"
1165,0.953,"GG"
1215,1.003,"GG"
1327,1.21,"GG"
1961,1.282,"GG"
270,0.851,"GG"
300,0.733,"GG"
433,0.632,"GG"
737,0.795,"GG"
900,0.601,"GG"
914,0.825,"GG"
1021,0.552,"GG"
1031,0.757,"GG"
1063,0.873,"GG"
1183,0.857,"GG"
1444,1.076,"GG"
171,0.764,"GG"
238,0.786,"GG"
395,0.672,"GG"
466,0.888,"GG"
651,0.873,"GG"
754,0.78,"GG"
784,0.659,"GG"
815,0.945,"GG"
912,0.754,"GG"
925,0.619,"GG"
967,0.862,"GG"
989,0.908,"GG"
1099,0.742,"GG"
1244,0.626,"GG"
1252,0.787,"GG"
181,0.82,"GG"
253,0.783,"GG"
497,0.658,"GG"
669,0.712,"GG"
849,0.862,"GG"
916,0.634,"GG"
1038,1.041,"GG"
1225,0.631,"GG"
188,0.567,"GG"
189,0.609,"GG"
205,0.71,"GG"
216,0.732,"GG"
396,0.818,"GG"
417,0.853,"GG"
721,0.73,"GG"
730,0.8,"GG"
743,0.65,"GG"
746,0.705,"GG"
748,0.632,"GG"
751,0.524,"GG"
840,0.795,"GG"
855,0.595,"GG"
865,0.654,"GG"
873,0.775,"GG"
956,0.771,"GG"
990,0.807,"GG"
227,0.762,"GG"
362,0.593,"GG"
626,0.849,"GG"
638,0.83,"GG"
764,0.658,"GG"
786,0.748,"GG"
795,0.715,"GG"
798,0.885,"GG"
918,0.566,"GG"
1000,0.689,"GG"
1100,0.656,"GG"
1129,0.682,"GG"
1152,0.524,"GG"
1202,0.662,"GG"
1235,0.691,"GG"
1286,0.55,"GG"
1375,1.185,"GG"
208,0.767,"GG"
399,0.79,"GG"
472,0.588,"GG"
722,0.726,"GG"
813,0.589,"GG"
848,0.649,"GG"
906,0.737,"GG"
921,0.683,"GG"
1075,0.704,"GG"
1907,0.564,"GG"
327,0.565,"GG"
368,0.556,"GG"
645,0.599,"GG"
732,0.857,"GG"
760,0.893,"GG"
799,0.617,"GG"
835,0.633,"GG"
863,0.805,"GG"
895,0.728,"GG"
908,0.82,"GG"
923,0.655,"GG"
1055,0.649,"GG"
1101,0.66,"GG"
1188,0.756,"GG"
1230,0.656,"GG"
1236,0.894,"GG"
1283,0.732,"GG"
800,0.773,"GA"
596,0.575,"GG"
816,0.698,"GG"
837,1.022,"GG"
947,0.733,"GG"
961,0.902,"GG"
986,0.633,"GG"
988,0.672,"GG"
1009,0.839,"GG"
1176,0.789,"GG"
1257,0.514,"GG"
791,0.595,"GA"
265,1.07,"GG"
328,1.21,"GG"
484,0.564,"GG"
599,0.685,"GG"
819,0.728,"GG"
832,0.781,"GG"
867,0.608,"GG"
871,0.778,"GG"
971,0.725,"GG"
1017,0.654,"GG"
1161,0.798,"GG"
1247,0.673,"GG"
1481,1.218,"GG"
436,0.486,"GG"
553,0.923,"GG"
747,0.667,"GG"
801,0.66,"GG"
911,0.812,"GG"
945,0.729,"GG"
1016,0.515,"GG"
1193,0.787,"GG"
1269,0.795,"GG"
1287,0.674,"GA"
191,0.751,"GG"
242,0.672,"GG"
452,0.878,"GG"
459,0.657,"GG"
496,0.788,"GG"
498,1.22,"GG"
927,0.646,"GG"
973,0.698,"GG"
1083,0.871,"GG"
1216,0.736,"GG"
1256,0.745,"GG"
1281,0.779,"GG"
1133,0.347,"GG"
1148,0.675,"GG"
1198,0.827,"GG"
1233,1.007,"GG"
1240,0.75,"GG"
1249,0.866,"GG"
1255,0.884,"GG"
1285,0.727,"GG"
1345,1.03,"GG"
288,0.875,"GG"
462,0.471,"GG"
478,0.844,"GA"
696,0.792,"GG"
769,0.796,"GG"
785,0.634,"GG"
902,0.645,"GG"
946,0.966,"GG"
974,0.751,"GG"
975,0.585,"GG"
1189,0.859,"GG"
232,0.634,"GG"
826,0.707,"GG"
934,0.73,"GG"
1042,0.827,"GG"
477,0.664,"GG"
479,0.572,"GG"
650,0.798,"GG"
778,0.586,"GG"
843,0.633,"GG"
940,0.695,"GG"
951,0.802,"GG"
968,0.543,"GG"
1200,0.568,"GG"
1243,0.97,"GG"
438,0.725,"GG"
458,0.617,"GG"
467,0.707,"GG"
1012,0.73,"GG"
1155,0.672,"GG"
1208,1.192,"GG"
239,0.854,"GG"
434,0.708,"GG"
469,0.882,"GA"
514,0.686,"GG"
614,0.76,"GG"
820,0.756,"GG"
1120,0.711,"GG"
1145,0.64,"GG"
1284,0.704,"GG"
491,0.725,"GG"
723,0.781,"GG"
803,0.727,"GG"
845,0.672,"GG"
829,1.037,"GG"
846,0.682,"GG"
893,0.852,"GG"
920,0.676,"GG"
1104,0.867,"GG"
1259,0.832,"GG"
817,0.728,"GG"
457,0.723,"GG"
919,0.816,"GG"
1143,0.739,"GG"
1097,0.659,"GG"
315,1.106,"GG"
1174,0.777,"GG"
1203,0.702,"GG"
425,0.62,"GG"
1228,0.872,"GG"
476,0.894,"GG"
197,0.61,"GG"
928,0.756,"GG"
437,0.835,"GG"
998,0.906,"GG"
219,0.791,"GA"
474,0.769,"GG"
693,1.149,"GG"
702,1.273,"GG"
926,0.79,"GG"
938,0.64,"GG"
1071,0.659,"GG"
1220,0.933,"GG"
